system	batch	n	wall_med	wall_min	wall_max	cv_pct	load_med	load_frac	gross_cps	net_cps	n_outliers	outliers
alonso--layeraware-native-mlp-q4	1	3	4132	4000	4267	2.643	13.43	0.00325	70.27	70.49	0	
alonso--layeraware-native-mlp-q4	8	3	852.3	838.2	857.5	0.9581	12.15	0.01425	340.6	345.6	0	
arc-ilsp--en-ar-mbr	1	3	932	929.8	943.2	0.6259	47.47	0.05094	311.5	328.2	0	
arc-ilsp--en-ar-mbr	8	3	431.9	426.4	435.2	0.8383	42.22	0.09774	672.1	744.9	0	
arc-ilsp--fp8	1	5	659.1	651.4	674.4	1.135	50.99	0.07736	440.5	477.4	0	
arc-ilsp--fp8	8	5	145.3	144.3	152.2	2.103	49.31	0.3393	1997	3023	0	
arc-ilsp--fp8	64	1	83.63	83.63	83.63	0			3471		0	
arc-ilsp--int4	1	5	642.1	639.9	658.6	1.041	44.31	0.069	452.1	485.6	0	
arc-ilsp--int4	8	5	138.5	137.3	139.2	0.5182	42.12	0.3041	2096	3012	0	
arc-ilsp--vocaball-int4	1	5	615	613	631.7	1.123	42.79	0.06958	472	507.3	0	
arc-ilsp--vocaball-int4	8	5	136.5	131	138.2	2.128	41.22	0.3019	2126	3046	0	
arc-ilsp--vocaball-int4	64	1	81.56	81.56	81.56	0			3559		0	
baseline--bnb-q4	1	3	3611	3557	3728	1.959	13.22	0.00366	80.38	80.68	0	
baseline--bnb-q4	16	3	518	515.4	529.9	1.209	12.23	0.02362	560.4	574	0	
baseline--bnb-q4	64	3	358	357.8	358.8	0.1178	11.67	0.03259	811	838.3	0	
baseline--bnb-q8	1	2	1.196e+04	1.168e+04	1.223e+04	2.303	23.08	0.00193	24.28	24.32	0	
baseline--bnb-q8	16	3	1152	1139	1164	0.8906	21.53	0.01868	251.9	256.7	0	
baseline--uncompressed	1	3	3723	3554	3967	4.529	14.41	0.00387	77.98	78.28	0	
baseline--uncompressed	16	3	477.3	456.7	483.4	2.418	13.86	0.02904	608.2	626.4	0	
cometcut--awq	1	5	734.3	733.3	737.6	0.2042	49.89	0.06795	395.3	424.2	0	
cometcut--awq	16	5	120.8	118	124.6	2.036	54.34	0.4498	2403	4367	0	
cometcut--awq	32	5	98.38	96.38	100.5	1.392	53.89	0.5478	2951	6526	0	
cometcut--awq	64	1	88.22	88.22	88.22	0			3291		0	
cometcut--comet-mixed-precision	1	5	85.49	82.8	88.66	2.534	58.65	0.6861	3396	1.082e+04	0	
cometcut--comet-mixed-precision	16	5	90.79	86.32	95.17	3.698	60.39	0.6652	3198	9550	0	
cometcut--comet-mixed-precision	32	5	88	84.79	90.33	2.206	60.98	0.6929	3299	1.074e+04	0	
cometcut--comet-mixed-precision	64	1	93.2	93.2	93.2	0			3115		0	
cometcut--gptq	1	5	733.8	731.2	739.9	0.5224	51.13	0.06967	395.6	425.2	0	
cometcut--gptq	16	5	118.5	112.2	120.6	2.435	52.01	0.4388	2449	4364	0	
cometcut--gptq	32	5	93.48	92.72	100.6	3.117	50.09	0.5358	3105	6690	0	
cometcut--gptq	64	1	98.67	98.67	98.67	0			2942		0	
fbk--gptq-rtn	1	3	3668	3620	3825	2.359	39.68	0.01082	79.14	80	0	
fbk--gptq-rtn	16	3	276.9	275.7	281.4	0.8907	39.79	0.1437	1048	1224	0	
fbk--gptq-rtn	64	3	112.3	96.45	113.1	7.144	38.33	0.3414	2586	3927	0	
fbk--gptq-rtn	256	3	72.63	69.22	73.19	2.446	36.18	0.4981	3997	7963	0	
fbk--sq-gptq	1	3	3807	3740	3824	0.9464	41.1	0.0108	76.26	77.09	0	
fbk--sq-gptq	16	3	276	260	282.4	3.445	35.26	0.1277	1052	1206	0	
fbk--sq-gptq	64	3	107.1	105.9	111.4	2.153	38.63	0.3606	2710	4239	0	
fbk--sq-gptq	256	3	69.14	68.46	73.63	3.261	37.45	0.5416	4199	9160	0	
pare4bit--int4-gptq	1	3	5744	5632	5932	2.149	112.5	0.01959	50.54	51.55	0	
pare4bit--int4-gptq	16	3	116.7	113.6	198.5	27.48	104.4	0.8944	2487	2.356e+04	1	r1=198s
pare4bit--int4-gptq	64	3	172.6	151	399.4	46.63	104.2	0.6036	1682	4244	1	r2=399s
pare4bit--pruned4-healed-int4	1	3	5218	5174	5265	0.7147	120	0.023	55.63	56.94	0	
pare4bit--pruned4-healed-int4	16	3	109.4	107.9	109.6	0.7095	37.71	0.3448	2654	4051	0	
pare4bit--pruned4-healed-int4	64	3	144.9	74.03	171.1	31.54	112.2	0.7743	2003	8878	0	
pare4bit--unconstrained-gemma4	1	3	3151	3136	3169	0.431	91.56	0.02906	92.14	94.9	0	
pare4bit--unconstrained-gemma4	16	3	193.1	191.9	197	1.121	123.1	0.6374	1503	4146	0	
pare4bit--unconstrained-gemma4	64	3	291.4	155.8	465.8	41.7	128.1	0.4396	996.4	1778	0	
slicers--navadeep-gemma3-12b	1	3	2852	2825	2916	1.337	14	0.004908	101.8	102.3	0	
slicers--navadeep-gemma3-12b	8	3	952.9	913.6	977.6	2.781	13.7	0.01438	304.6	309.1	0	
tahomamt--fp8	1	5	835.3	831.9	845.3	0.655	14.39	0.01723	347.5	353.6	0	
tahomamt--fp8	16	5	92.68	90.03	99.22	3.246	16.74	0.1806	3132	3822	0	
tahomamt--fp8	64	5	52.17	48.01	57.12	6.098	19.13	0.3666	5564	8785	0	
tahomamt--fp8	256	5	46	44.05	49.04	3.599	23.08	0.5018	6311	1.267e+04	0	
tahomamt--fp8-bok4	1	5	123.4	122.9	124.2	0.3365	16.04	0.13	2352	2704	0	
tahomamt--fp8-bok4	16	5	123.4	122.5	124.6	0.5488	15.84	0.1284	2353	2700	0	
tahomamt--fp8-bok4	64	5	123.5	122.1	124.1	0.5904	15.73	0.1273	2351	2694	0	
tahomamt--int4	1	5	772	768.8	773.4	0.217	21.19	0.02745	376	386.6	0	
tahomamt--int4	16	5	95.68	94.18	97.7	1.342	21.46	0.2243	3034	3911	0	
tahomamt--int4	64	5	58.13	55.76	62.03	4.263	22.33	0.3842	4994	8110	0	
tahomamt--int4	256	5	52.42	51.51	54.65	2.26	23.16	0.4419	5538	9923	0	
tahomamt--int4-bok4	1	5	141	138	145.5	1.99	21.25	0.1507	2058	2424	0	
tahomamt--int4-bok4	16	5	138.6	137.6	140.4	0.6423	22.5	0.1624	2094	2500	0	
tahomamt--int4-bok4	64	5	137	136.7	143.4	1.851	19.84	0.1448	2119	2478	0	
tildeopen--15B-GPTQ-nvfp4a16	1	3	2275	2248	2348	1.835	97.02	0.04265	127.6	133.3	0	
tildeopen--15B-GPTQ-nvfp4a16	16	3	485.6	455.3	557.1	8.547	94.34	0.1943	597.9	742	0	
tildeopen--15B-GPTQ-nvfp4a16	64	3	274.6	185.4	278.7	17.49	121.1	0.4411	1057	1891	1	r3=185s
tildeopen--15B-GPTQ-nvfp4a16	256	3	206.3	99.35	212.1	30.04	92.28	0.4472	1407	2545	1	r2=99s
tildeopen--15B-RTN-fp8-dyn	1	3	2527	2497	2665	2.854	92.6	0.03664	114.9	119.2	0	
tildeopen--15B-RTN-fp8-dyn	16	3	532	516	626.1	8.699	98.11	0.1844	545.6	669	0	
tildeopen--15B-RTN-fp8-dyn	64	3	190.3	166.5	319.7	29.85	27.22	0.1431	1526	1780	1	r1=320s
tildeopen--15B-RTN-fp8-dyn	256	3	200.5	92.54	207.4	31.53	98.33	0.4903	1448	2840	1	r2=93s
tildeopen--8B-distill	1	3	2240	2145	2270	2.389	95.04	0.04242	129.6	135.3	0	
tildeopen--8B-distill	16	3	510.2	419.8	559.4	11.64	92.82	0.1819	569	695.6	0	
tildeopen--8B-distill	64	3	222.9	150.4	315.4	29.42	118.6	0.5322	1302	2784	0	
tildeopen--8B-distill	256	3	81.72	79.07	177.2	40.5	25.18	0.3082	3552	5134	1	r3=177s
tildeopen--8B-distill-GPTQ-nvfp4a16	1	3	2209	2182	2236	1.003	92.7	0.04195	131.4	137.1	0	
tildeopen--8B-distill-GPTQ-nvfp4a16	16	3	646.8	613.4	665.6	3.362	146.1	0.2258	448.8	579.7	0	
tildeopen--8B-distill-GPTQ-nvfp4a16	64	3	166.9	162.2	306.3	31.55	86.11	0.5158	1739	3592	1	r1=306s
tildeopen--8B-distill-GPTQ-nvfp4a16	256	3	130.3	116.9	233.1	32.44	85.97	0.6598	2228	6548	1	r2=233s
tildeopen--8B-distill-RTN-fp8-dyn	1	3	2413	2287	2546	4.377	92.91	0.03851	120.3	125.1	0	
tildeopen--8B-distill-RTN-fp8-dyn	16	3	603.2	485.4	627	10.83	128	0.2123	481.3	611	0	
tildeopen--8B-distill-RTN-fp8-dyn	64	3	326.2	177.1	342.6	26.41	87.75	0.2691	890.1	1218	1	r3=177s
tildeopen--8B-distill-RTN-fp8-dyn	256	3	100.4	89.56	101.4	5.526	24.26	0.2416	2891	3812	0	
tiny-titans--gptq-int4-calibrated	1	3	3635	3539	3652	1.373	13.79	0.003794	79.87	80.17	0	
tiny-titans--gptq-int4-calibrated	16	3	375.5	372.9	376.2	0.3715	14.79	0.03938	773.1	804.8	0	
tiny-titans--gptq-int4-calibrated	64	3	309.7	307.2	309.9	0.3955	15.35	0.04956	937.4	986.3	0	
tiny-titans--svd-qkv512-ff1620	1	3	833.9	809.5	1181	18.02	10.33	0.01238	348.1	352.5	1	r1=1181s
tiny-titans--svd-qkv512-ff1620	16	3	3215	3214	3218	0.05105	10.2	0.003172	90.3	90.59	0	
tiny-titans--svd-qkv512-ff1620	64	3	8740	8738	8816	0.4141	9.547	0.001092	33.21	33.25	0	
tiny-titans--svd-qkv512-ff1620	128	1	1.735e+04	1.735e+04	1.735e+04	0	9.283	0.0005349	16.73	16.74	0	
tiny-titans--svd-qkv512-ff1620-q4-g32-full	1	5	525.4	494.4	569.9	4.844	11	0.02094	552.6	564.4	0	
tiny-titans--svd-qkv512-ff1620-q4-g32-full	16	5	200.4	197	212.1	2.626	10.57	0.05276	1449	1529	0	
tiny-titans--svd-qkv512-ff1620-q4-g32-full	64	5	331	330.7	332.6	0.2079	11.09	0.0335	877	907.4	0	
tmu-onono--diba-cached_unpacked	1	3	1726	1699	1907	5.218	15.73	0.009114	168.2	169.8	0	
tmu-onono--diba-cached_unpacked	16	3	236.2	230.2	268	6.773	15.46	0.06546	1229	1315	0	
tmu-onono--diba-cached_unpacked	32	3	133.2	132.7	152.4	6.583	16.32	0.1225	2179	2483	0	
tmu-onono--diba-cached_unpacked	64	1	91.87	91.87	91.87	0			3160		0	
tmu-onono--diba-triton_direct	1	3	4097	4041	4394	3.71	17.06	0.004165	70.85	71.15	0	
tmu-onono--diba-triton_direct	16	3	884.4	882.9	891.3	0.4129	15.12	0.01709	328.3	334	0	
tmu-onono--diba-triton_direct	32	3	718.1	717.3	726.1	0.5482	14.73	0.02051	404.3	412.7	0	
tmu-onono--diba-triton_direct	64	1	652.2	652.2	652.2	0			445.1		0	
vicomtech--ratio_0.25_ffn_awq_4bits	1	5	385.1	384.3	414.8	3.049	35.17	0.09133	753.9	829.7	0	
vicomtech--ratio_0.25_ffn_awq_4bits	16	5	78.58	73.99	87.36	5.584	32.82	0.4176	3694	6343	0	
vicomtech--ratio_0.25_ffn_awq_4bits	64	5	52.12	51.23	68.22	11.62	33.54	0.6435	5570	1.562e+04	1	r1=68s
vicomtech--ratio_0.25_ffn_awq_4bits	256	5	50.13	48.46	62.81	10.14	33.3	0.6643	5791	1.725e+04	1	r1=63s
vicomtech--ratio_0.50_ffn_awq_4bits	1	5	337.9	334	351.3	1.776	35.34	0.1046	859	959.4	0	
vicomtech--ratio_0.50_ffn_awq_4bits	16	5	71.59	67.23	84.97	8.794	31.92	0.4459	4055	7318	0	
vicomtech--ratio_0.50_ffn_awq_4bits	64	5	50.71	47.32	66.84	13.08	31.55	0.6222	5725	1.515e+04	1	r1=67s
vicomtech--ratio_0.50_ffn_awq_4bits	256	5	47.54	46.41	63.04	12.76	35.23	0.741	6106	2.358e+04	1	r1=63s
vicomtech--ratio_0.50_ffn_sft_checkpoint-4802_awq_4bits	1	5	276	274	285.8	1.549	31.23	0.1132	1052	1186	0	
vicomtech--ratio_0.50_ffn_sft_checkpoint-4802_awq_4bits	16	5	68.69	65.52	82.74	8.613	34.12	0.4968	4226	8399	0	
vicomtech--ratio_0.50_ffn_sft_checkpoint-4802_awq_4bits	64	5	49.63	47.22	65.95	13.15	33.27	0.6705	5850	1.775e+04	1	r1=66s
vicomtech--ratio_0.50_ffn_sft_checkpoint-4802_awq_4bits	256	5	47.68	46.05	58.98	9.362	33.31	0.6985	6088	2.019e+04	0	
vicomtech--ratio_0.50_ffn_sft_checkpoint-4802_awq_4bits_ces-deu	1	5	263.7	258	280.7	3.058	32.05	0.1215	1101	1253	0	
vicomtech--ratio_0.50_ffn_sft_checkpoint-4802_awq_4bits_ces-deu	16	5	66.24	64.03	78.94	8.068	32.8	0.4952	4382	8681	0	
vicomtech--ratio_0.50_ffn_sft_checkpoint-4802_awq_4bits_ces-deu	64	5	44.42	43.5	63.8	15.71	29.87	0.6724	6535	1.995e+04	1	r1=64s
vicomtech--ratio_0.50_ffn_sft_checkpoint-4802_awq_4bits_ces-deu	256	5	44.82	42.34	55.03	9.541	29.25	0.6527	6477	1.865e+04	0	
vicomtech--ratio_0.50_ffn_sft_checkpoint-4802_awq_4bits_eng-ara	1	5	267	260.5	276	1.919	34.33	0.1286	1087	1247	0	
vicomtech--ratio_0.50_ffn_sft_checkpoint-4802_awq_4bits_eng-ara	16	5	63.4	62.12	82.88	11.54	31.61	0.4987	4579	9134	1	r1=83s
vicomtech--ratio_0.50_ffn_sft_checkpoint-4802_awq_4bits_eng-ara	64	5	44.48	43.44	48.89	4.435	31.27	0.703	6527	2.198e+04	0	
vicomtech--ratio_0.50_ffn_sft_checkpoint-4802_awq_4bits_eng-ara	256	5	42.94	40.92	54.64	11.11	29.76	0.6931	6761	2.203e+04	1	r1=55s
vicomtech--ratio_0.50_ffn_sft_checkpoint-4802_awq_4bits_eng-zho	1	5	262.6	261.7	277.2	2.193	28.8	0.1097	1106	1242	0	
vicomtech--ratio_0.50_ffn_sft_checkpoint-4802_awq_4bits_eng-zho	16	5	64.8	64.24	75.34	6.479	30.51	0.4708	4480	8465	0	
vicomtech--ratio_0.50_ffn_sft_checkpoint-4802_awq_4bits_eng-zho	64	5	47.38	44.45	49.88	4.835	28.59	0.6034	6127	1.545e+04	0	
vicomtech--ratio_0.50_ffn_sft_checkpoint-4802_awq_4bits_eng-zho	256	5	47.67	41.7	54.02	9.629	33.55	0.7038	6090	2.056e+04	0	
